Review,Sentiment
I really disliked this movie. Boring and unoriginal.,negative
Terrible acting and poor story. Disappointing from start to finish.,negative
Terrible acting and poor story. A total waste of time.,negative
"Impressive work by the entire team. A masterpiece, truly unforgettable.",positive
Fantastic acting and great story. Incredible storyline and performance.,positive
Totally worth the watch. One of the best movies I've seen.,positive
Impressive work by the entire team. Loved the cinematography and direction.,positive
A total waste of time. I wouldn’t watch it again.,negative
"A masterpiece, truly unforgettable. I absolutely loved this movie!",positive
"A masterpiece, truly unforgettable. Incredible storyline and performance.",positive
One of the best movies I've seen. Incredible storyline and performance.,positive
"A masterpiece, truly unforgettable. Incredible storyline and performance.",positive
I wouldn’t watch it again. I wouldn’t watch it again.,negative
Incredible storyline and performance. Fantastic acting and great story.,positive
"Disappointing from start to finish. Horrible experience, not recommended.",negative
Loved the cinematography and direction. What an amazing experience.,positive
Disappointing from start to finish. Disappointing from start to finish.,negative
I really disliked this movie. Weak plot and bad direction.,negative
What an amazing experience. Brilliant! A must-watch for everyone.,positive
Brilliant! A must-watch for everyone. Loved the cinematography and direction.,positive
One of the worst movies ever. I wouldn’t watch it again.,negative
"Horrible experience, not recommended. I wouldn’t watch it again.",negative
What an amazing experience. What an amazing experience.,positive
One of the best movies I've seen. One of the best movies I've seen.,positive
Boring and unoriginal. I wouldn’t watch it again.,negative
What an amazing experience. Impressive work by the entire team.,positive
"A masterpiece, truly unforgettable. Incredible storyline and performance.",positive
"A total waste of time. Horrible experience, not recommended.",negative
I absolutely loved this movie! Incredible storyline and performance.,positive
Boring and unoriginal. Terrible acting and poor story.,negative
What an amazing experience. What an amazing experience.,positive
One of the best movies I've seen. Incredible storyline and performance.,positive
Boring and unoriginal. I really disliked this movie.,negative
Brilliant! A must-watch for everyone. Totally worth the watch.,positive
A total waste of time. Boring and unoriginal.,negative
Fantastic acting and great story. Loved the cinematography and direction.,positive
I really disliked this movie. I really disliked this movie.,negative
Disappointing from start to finish. I wouldn’t watch it again.,negative
"A masterpiece, truly unforgettable. Totally worth the watch.",positive
Impressive work by the entire team. Brilliant! A must-watch for everyone.,positive
Incredible storyline and performance. Loved the cinematography and direction.,positive
Impressive work by the entire team. Fantastic acting and great story.,positive
What an amazing experience. Fantastic acting and great story.,positive
I really disliked this movie. Felt like a waste of money.,negative
One of the best movies I've seen. Fantastic acting and great story.,positive
Loved the cinematography and direction. What an amazing experience.,positive
One of the worst movies ever. Boring and unoriginal.,negative
"What an amazing experience. A masterpiece, truly unforgettable.",positive
Disappointing from start to finish. Weak plot and bad direction.,negative
"A masterpiece, truly unforgettable. A masterpiece, truly unforgettable.",positive
Totally worth the watch. Brilliant! A must-watch for everyone.,positive
Loved the cinematography and direction. Incredible storyline and performance.,positive
Loved the cinematography and direction. Loved the cinematography and direction.,positive
What an amazing experience. Incredible storyline and performance.,positive
Brilliant! A must-watch for everyone. Totally worth the watch.,positive
Terrible acting and poor story. Weak plot and bad direction.,negative
One of the best movies I've seen. Fantastic acting and great story.,positive
"Horrible experience, not recommended. Felt like a waste of money.",negative
"One of the best movies I've seen. A masterpiece, truly unforgettable.",positive
A total waste of time. Terrible acting and poor story.,negative
"Horrible experience, not recommended. Terrible acting and poor story.",negative
Weak plot and bad direction. I wouldn’t watch it again.,negative
Felt like a waste of money. Disappointing from start to finish.,negative
Brilliant! A must-watch for everyone. What an amazing experience.,positive
"Horrible experience, not recommended. Boring and unoriginal.",negative
"Weak plot and bad direction. Horrible experience, not recommended.",negative
"A masterpiece, truly unforgettable. A masterpiece, truly unforgettable.",positive
"Horrible experience, not recommended. Boring and unoriginal.",negative
"Weak plot and bad direction. Horrible experience, not recommended.",negative
Terrible acting and poor story. I really disliked this movie.,negative
Boring and unoriginal. Felt like a waste of money.,negative
Incredible storyline and performance. Brilliant! A must-watch for everyone.,positive
Weak plot and bad direction. Boring and unoriginal.,negative
"A masterpiece, truly unforgettable. A masterpiece, truly unforgettable.",positive
One of the worst movies ever. Boring and unoriginal.,negative
Weak plot and bad direction. I really disliked this movie.,negative
Weak plot and bad direction. I really disliked this movie.,negative
Impressive work by the entire team. Brilliant! A must-watch for everyone.,positive
Disappointing from start to finish. A total waste of time.,negative
Boring and unoriginal. A total waste of time.,negative
"I wouldn’t watch it again. Horrible experience, not recommended.",negative
Disappointing from start to finish. I wouldn’t watch it again.,negative
Fantastic acting and great story. Totally worth the watch.,positive
What an amazing experience. I absolutely loved this movie!,positive
Impressive work by the entire team. Loved the cinematography and direction.,positive
"Horrible experience, not recommended. Disappointing from start to finish.",negative
Brilliant! A must-watch for everyone. Incredible storyline and performance.,positive
What an amazing experience. What an amazing experience.,positive
"One of the best movies I've seen. A masterpiece, truly unforgettable.",positive
I really disliked this movie. I wouldn’t watch it again.,negative
Weak plot and bad direction. Disappointing from start to finish.,negative
Terrible acting and poor story. Disappointing from start to finish.,negative
Felt like a waste of money. One of the worst movies ever.,negative
Disappointing from start to finish. A total waste of time.,negative
Loved the cinematography and direction. I absolutely loved this movie!,positive
I really disliked this movie. Felt like a waste of money.,negative
Felt like a waste of money. A total waste of time.,negative
Incredible storyline and performance. Brilliant! A must-watch for everyone.,positive
A total waste of time. A total waste of time.,negative
Boring and unoriginal. Weak plot and bad direction.,negative
